{"New Jersey Devils": 43.61701777777778, "New York Islanders": 44.56480555555556, "New York Rangers": 45.28603092783505, "Philadelphia Flyers": 42.01045197740113, "Pittsburgh Penguins": 44.97912946428572, "Boston Bruins": 47.542289999999994, "Buffalo Sabres": 46.34000000000001, "Montréal Canadiens": 43.93091629955947, "Ottawa Senators": 43.995723404255315, "Toronto Maple Leafs": 47.98437179487179, "Carolina Hurricanes": 45.96524074074074, "Florida Panthers": 46.0012972972973, "Tampa Bay Lightning": 45.78390217391304, "Washington Capitals": 47.329548192771085, "Chicago Blackhawks": 48.64243712574851, "Detroit Red Wings": 46.08505925925926, "Nashville Predators": 46.12826486486486, "St. Louis Blues": 43.56295, "Calgary Flames": 46.669972067039126, "Colorado Avalanche": 49.45675706214689, "Edmonton Oilers": 44.257511450381685, "Vancouver Canucks": 44.708112107623315, "Anaheim Ducks": 42.020229885057475, "Dallas Stars": 44.66895597484277, "Los Angeles Kings": 43.763850746268666, "San Jose Sharks": 50.1853945945946, "Columbus Blue Jackets": 46.424606217616585, "Minnesota Wild": 43.41355172413793, "Winnipeg Jets": 0, "Arizona Coyotes": 0, "Vegas Golden Knights": 0, "Seattle Kraken": 0}